{"cameraMode":{"drawMode":0,"name":"Shaded","section":"Shading Mode"},"sceneLighting":false,"audioPlay":false,"sceneViewState":{"m_AlwaysRefresh":false,"showFog":false,"showSkybox":false,"showFlares":false,"showImageEffects":false,"showParticleSystems":false,"showVisualEffectGraphs":true,"m_FxEnabled":true},"in2DMode":false,"pivot":{"x":0.0671544000506401,"y":0.056385576725006106,"z":0.05364839732646942},"rotation":{"x":-0.5371943116188049,"y":0.22441263496875764,"z":-0.15316815674304963,"w":-0.7988706231117249},"size":0.11766031384468079,"orthographic":false}