{"cameraMode":{"drawMode":0,"name":"Shaded","section":"Shading Mode"},"sceneLighting":false,"audioPlay":false,"sceneViewState":{"m_AlwaysRefresh":false,"showFog":true,"showSkybox":false,"showFlares":true,"showImageEffects":true,"showParticleSystems":true,"showVisualEffectGraphs":true,"m_FxEnabled":true},"in2DMode":false,"pivot":{"x":-0.08079266548156738,"y":4.126176357269287,"z":-0.44625234603881838},"rotation":{"x":0.23043251037597657,"y":-0.011542580090463162,"z":0.0029313224367797376,"w":0.9731913208961487},"size":5.288684844970703,"orthographic":false}