{"cameraMode":{"drawMode":0,"name":"Shaded","section":"Shading Mode"},"sceneLighting":false,"audioPlay":false,"sceneViewState":{"m_AlwaysRefresh":false,"showFog":true,"showSkybox":true,"showFlares":true,"showImageEffects":true,"showParticleSystems":true,"showVisualEffectGraphs":true,"m_FxEnabled":true},"in2DMode":false,"pivot":{"x":2.7813267707824709,"y":15.781249046325684,"z":3.4029457569122316},"rotation":{"x":0.3787557780742645,"y":-0.6144099831581116,"z":0.4308205842971802,"w":0.5428608059883118},"size":0.7728034853935242,"orthographic":false}