{"cameraMode":{"drawMode":0,"name":"Shaded","section":"Shading Mode"},"sceneLighting":false,"audioPlay":false,"sceneViewState":{"m_AlwaysRefresh":false,"showFog":true,"showSkybox":false,"showFlares":true,"showImageEffects":true,"showParticleSystems":true,"showVisualEffectGraphs":true,"m_FxEnabled":true},"in2DMode":false,"pivot":{"x":-0.06733548641204834,"y":3.1610922813415529,"z":-0.9954605102539063},"rotation":{"x":0.2811841368675232,"y":-0.011372729204595089,"z":0.0035334001295268537,"w":0.9597583413124085},"size":5.288684844970703,"orthographic":false}